;Tweets;len;ID;Created;Source;Likes;RTs
0;"RT @Universal_Indo: ""Sebuah Lagu"" dalam 6 detik spesial dari @payungteduh 
Dengarkan single terbaru ""Payung Teduh"" yang terinspirasi dari D‚Ä¶";140;1073179443361860000,00;2018-12-13 11:34:52+00:00;Twitter for iPhone;0;15
1;"RT @Universal_Indo: OUT NOW!! #Repost @payungteduh üíú
‚Ä¢
Video musik #SebuahLagu OST. @wreckitralph sudah bisa disaksikan di Youtube channel‚Ä¶";139;1073171414373430000,00;2018-12-13 11:02:58+00:00;Twitter for iPhone;0;47
2;RT @Saksakame: Alhamdulillah video clip Sebuah Lagu udah release üï∫üèªüéâüéâüéâ @payungteduh #payungteduh #disney #sebuahlagu #WreckItRalph2 https:/‚Ä¶;140;1068461416678470000,00;2018-11-30 11:07:07+00:00;Twitter for iPhone;0;21
3;@nafhanan waaah üò≠‚ù§Ô∏è;19;1068461317034390000,00;2018-11-30 11:06:43+00:00;Twitter for iPhone;4;0
4;"RT @iradioBJM: #ONAIR #SORELAM @payungteduh - Sebuah Lagu #10LaguBaruKeren Bareng Maya Edalia &amp; Aji Rifani #100PersenMusikIndonesia";135;1068461174365110000,00;2018-11-30 11:06:09+00:00;Twitter for iPhone;0;2
5;RT @iradioBJM: #ONAIR @payungteduh - Sebuah Lagu #10LaguBaruKeren Bareng Hirzan Anggoro #100PersenMusikIndonesia;112;1066878645434690000,00;2018-11-26 02:17:45+00:00;Twitter for iPhone;0;2
6;"RT @zoraradio: #EnjoyTheBeat from @payungteduh - Sebuah Lagu || #ZZZ ""  Zore Zeru Di Zora "" || with Beater @PetraFilipuss || #ItsTimeToMove‚Ä¶";140;1065557371429100000,00;2018-11-22 10:47:29+00:00;Twitter for iPhone;0;1
7;"RT @iradioBJM: #ONAIR #SORELAM @payungteduh - Sebuah Lagu #10LaguBaruKeren Bareng Maya Edalia &amp; Elvana Eza #100PersenMusikIndonesia";135;1065557268224030000,00;2018-11-22 10:47:04+00:00;Twitter for iPhone;0;1
8;"Teaser ""Sebuah Lagu"" - Official Soundtrack Disney's #RalphBreaksTheInternet: https://t.co/kJTkLkI3GV melalui @YouTube";117;1063704000409880000,00;2018-11-17 08:02:51+00:00;Google;42;53
9;"Ready to break the internet üí•
#RalphBreaksTheInternet #DisneyID https://t.co/bQVqDG8b5B";87;1060449469500550000,00;2018-11-08 08:30:30+00:00;Twitter for iPhone;99;43
10;"RT @90hpband: 2 Hari Lagi! 
Album Release ‚ÄúPagi Pasti Kembali‚Äù
Jumat, 9 Nov 2018 (20.00)
Rossi Musik, Fatmawati
Turut tampil : @payungteduh‚Ä¶";140;1060153942804380000,00;2018-11-07 12:56:11+00:00;Twitter for iPhone;0;4
11;RT @payungteduh: 'Diam' sudah bisa didengarkan melalui toko musik digital favoritmu sebagai teman perjalanan mudik atau melengkapi suasana‚Ä¶;139;1007014895164850000,00;2018-06-13 21:40:35+00:00;Twitter for Android;0;262
12;"Video : 'Diam' dan dibalik layar pementasan Dedes bersama @teaterpagupon dan Orkes Panawijen.
'Diam' adalah salah s‚Ä¶ https://t.co/leBt7RYBrY";140;1006859426286820000,00;2018-06-13 11:22:48+00:00;Twitter for Android;114;64
13;Diam - Payung Teduh (Behind The Scene): https://t.co/LPVKhmWIcV melalui @YouTube;80;1006836993748180000,00;2018-06-13 09:53:40+00:00;Google;60;44
14;"RT @NoorAzam: Hidoep krontjong!

Diam by Payung Teduh https://t.co/UKH2iaXzbd #NowPlaying";89;1006824629808360000,00;2018-06-13 09:04:32+00:00;Twitter for Android;0;11
15;"RT @ImFarhanIbrahim: New track from Payung Teduh. Today is a good day. 
https://t.co/3tfRqcvQh0";95;1006795035600470000,00;2018-06-13 07:06:56+00:00;Twitter for Android;0;7
16;RT @farismuthi14: @payungteduh  sudah kembali teduh dan teduh kembali. #diam #mendengarsuara ditunggu lagu dukanya! https://t.co/FCC0lCTwlM;139;1006794712563440000,00;2018-06-13 07:05:39+00:00;Twitter for Android;0;11
17;'Diam' sudah bisa didengarkan melalui toko musik digital favoritmu sebagai teman perjalanan mudik atau melengkapi s‚Ä¶ https://t.co/Xhi1Bv0KXB;140;1006794652903750000,00;2018-06-13 07:05:25+00:00;Twitter for Android;277;262
18;'Diam', salah satu lagu yang kami rekam bersama Orkes Panawijen dari pementasan Dedes pada Maret lalu. Segera rilis‚Ä¶ https://t.co/XI6xwiMfgt;140;1006776640444290000,00;2018-06-13 05:53:50+00:00;Twitter for Android;518;534
19;Jayapura malam ini! üôã https://t.co/L5kFlV4qGa;45;992569832825483000,00;2018-05-05 01:01:03+00:00;Twitter for Android;27;22
20;@bernadethawindy Sampai bertemu !;33;990098102139813000,00;2018-04-28 05:19:17+00:00;Twitter for Android;3;3
21;We vote for Polka Wars - Rangkum #ICA5 #MV_Rangkum @netmediatama as Music Video of The Year Indonesian Choice Music Award 5.0 ‚úä;127;988834322311397000,00;2018-04-24 17:37:28+00:00;Twitter for Android;7;7
22;Alhamdulillah, Puji Tuhan, Sesi rekaman untuk album #mendengarsuara bersama Orkes Panawijen telah rampung, kini tel‚Ä¶ https://t.co/vcBkucaGWN;140;985364856609030000,00;2018-04-15 03:51:03+00:00;Twitter for Android;138;66
23;#mendengarsuara https://t.co/0fcSsMwjye;39;984442986443362000,00;2018-04-12 14:47:52+00:00;Twitter for Android;76;61
24;#mendengarsuara https://t.co/qvvT7aX90D;39;984073655192698000,00;2018-04-11 14:20:17+00:00;Twitter for Android;78;46
25;merekam materi baru bersama @RedaGaudiamo #mendengarsuara https://t.co/QqmNEZMVSt;81;983720442191142000,00;2018-04-10 14:56:44+00:00;Twitter for Android;43;30
26;Sebuah pertunjukan untuk merayakan pertemanan dan kenangan untuk (Alm.) Afi dan Made @naviculamusic, sekaligus meng‚Ä¶ https://t.co/iDGQIXm6ov;140;982989136410718000,00;2018-04-08 14:30:47+00:00;Twitter for Android;33;36
27;Terima kasih @netmediatama sudah memasukkan ' Akad ' dan ' Ruang Tunggu' menjadi nominator untuk kategori lagu dan‚Ä¶ https://t.co/1WwtgHYqdJ;139;982115639849439000,00;2018-04-06 04:39:50+00:00;Twitter for Android;62;34
28;Album Baru Payung Teduh Berangkat Dari Pementasan Teater Pagupon https://t.co/No8F0Hb1SR via @metro_tv üëê;104;978980543525109000,00;2018-03-28 13:02:04+00:00;Twitter for Android;36;27
29;https://t.co/PXyKootxjg https://t.co/ysYcoFBXHm;47;978830990268182000,00;2018-03-28 03:07:48+00:00;Twitter for Android;91;62
30;Cuplikan ' Di Antara Daun Gugur ' (versi awal lagu Resah), salah satu lagu dari pementasan Dedes yang akan kami rek‚Ä¶ https://t.co/eJwBmrIdel;140;978672440074108000,00;2018-03-27 16:37:47+00:00;Twitter for Android;221;210
31;RT @payungteduh: Tema, konsep, dan judul album masih digodog bersama-sama. Awal bulan April kami sudah mulai memasuki studio rekaman, harap‚Ä¶;140;978640455712649000,00;2018-03-27 14:30:41+00:00;Twitter for Android;0;82
32;RT @payungteduh: ..hingga akhirnya kami bersama para pemusik beserta penyanyi Dedes  memutuskan akan merekam dan memproduksi lagu - lagu pe‚Ä¶;140;978640445344432000,00;2018-03-27 14:30:39+00:00;Twitter for Android;0;82
33;RT @payungteduh: Berbagai momen terindah terekam pada dua hari itu, pementasan Dedes sungguh melekat di hati dan sangat berarti bagi kami..‚Ä¶;140;978633483537997000,00;2018-03-27 14:02:59+00:00;Twitter for Android;0;34
34;RT @payungteduh: Pada pementasan tersebut, kami bersama tim pemusik dan penyanyi, bersama mbak @RedaGaudiamo  melantunkan 13 lagu yang meng‚Ä¶;140;978633428160540000,00;2018-03-27 14:02:46+00:00;Twitter for Android;0;24
35;RT @payungteduh: Tgl 8 - 9 Maret 2018 kemarin adalah hari istimewa bagi kami karena turut berkontribusi di pementasan ke-100 @teaterpagupon‚Ä¶;140;978633418412982000,00;2018-03-27 14:02:43+00:00;Twitter for Android;0;22
36;Tema, konsep, dan judul album masih digodog bersama-sama. Awal bulan April kami sudah mulai memasuki studio rekaman‚Ä¶ https://t.co/Q7TSbruK7g;140;978304166660513000,00;2018-03-26 16:14:24+00:00;Twitter for Android;100;82
37;..hingga akhirnya kami bersama para pemusik beserta penyanyi Dedes  memutuskan akan merekam dan memproduksi lagu -‚Ä¶ https://t.co/d2PZhxtZjc;139;978300525757194000,00;2018-03-26 15:59:55+00:00;Twitter for Android;126;82
38;Berbagai momen terindah terekam pada dua hari itu, pementasan Dedes sungguh melekat di hati dan sangat berarti bagi‚Ä¶ https://t.co/FfB7mWJqyO;140;978298344282796000,00;2018-03-26 15:51:15+00:00;Twitter for Android;53;34
39;Pada pementasan tersebut, kami bersama tim pemusik dan penyanyi, bersama mbak @RedaGaudiamo  melantunkan 13 lagu ya‚Ä¶ https://t.co/86u354CYx7;140;978297182179622000,00;2018-03-26 15:46:38+00:00;Twitter for Android;26;24
40;Tgl 8 - 9 Maret 2018 kemarin adalah hari istimewa bagi kami karena turut berkontribusi di pementasan ke-100‚Ä¶ https://t.co/oerq0s04iy;132;978296746722836000,00;2018-03-26 15:44:54+00:00;Twitter for Android;28;22
41;Inna lillahi wa inna ilayhi raji'un¬†.. Turut berduka cita sedalam-dalamnya atas kepergian Made dari @naviculamusic‚Ä¶ https://t.co/ovTgCrRsGf;139;978240038411497000,00;2018-03-26 11:59:34+00:00;Twitter for Android;147;340
42;@naviculamusic @robinavicula Turut berduka cita sedalam-dalamnya untuk keluarga besar Navicula, Made dan Afi , semo‚Ä¶ https://t.co/7bkrThngue;140;977836690667585000,00;2018-03-25 09:16:49+00:00;Twitter for Android;21;10
43;RT @naviculamusic: Kawan-kawan yang ingin menyumbang untuk biaya berobat Made Indra @naviculamusic yang tengah kritis di ICU RS Sanglah Den‚Ä¶;140;977834374329638000,00;2018-03-25 09:07:36+00:00;Twitter for Android;0;502
44;"RT @naviculamusic: Kami berduka. Tengah malam tadi mobil yang dikendarai Indra Made mengalami kecelakaan. Made &amp; pasangannya Afiriana Dewi‚Ä¶";143;977834353144119000,00;2018-03-25 09:07:31+00:00;Twitter for Android;0;1381
45;"Selain banyak band2 keren, Malang selalu menyuntikkan energi dan pengalaman baru.. Terima kasih Malang ! üôã

Foto :‚Ä¶ https://t.co/Ta8ECjkqaO";139;975182604642078000,00;2018-03-18 01:30:25+00:00;Twitter for Android;88;37
46;https://t.co/vFQ8EgU0q6;23;975044387947274000,00;2018-03-17 16:21:12+00:00;Twitter for Android;32;15
47;"Perjalanan kami berlanjut.. Sampai jumpa Sabtu besok di Malang. 
üèÉ https://t.co/slJz3B1ONZ";90;974223389131923000,00;2018-03-15 09:58:50+00:00;Twitter for Android;58;22
48;Selamat kawan2 @moccaofficial atas perilisan album ' Lima ' , Kandidat album terbaik tahun ini ! üëç https://t.co/Y1OMPWydkH;122;972487536521068000,00;2018-03-10 15:01:11+00:00;Twitter for Android;78;62
49;"RT @teaterpagupon: Hari ini banget, Dara! Sudah siap untuk menikmati kisah ""DEDES""? Sudah siap untuk berayun bersama Pagupon, @payungteduh,‚Ä¶";140;972011938346487000,00;2018-03-09 07:31:19+00:00;Twitter for Android;0;9
50;"Sampai jumpa besok tgl 8 &amp; 9 Maret di Graha Bhakti Budaya, TIM. @teaterpagupon https://t.co/SicuBGPIL9";106;971358723963629000,00;2018-03-07 12:15:41+00:00;Twitter for Android;67;34
51;https://t.co/yzIl4ipQiR;23;970653180739575000,00;2018-03-05 13:32:06+00:00;Twitter for Android;66;32
52;"Latihan final untuk pementasan 'Dedes' @teaterpagupon tgl 8 &amp; 9 Maret di Graha Bhakti Budaya, Taman Ismail Marzuki https://t.co/LXbqXXoJs4";142;970648853862006000,00;2018-03-05 13:14:55+00:00;Twitter for Android;17;11
53;RT @teaterpagupon: 5 HARI lagi menuju ‚ÄúDedes‚Äù,  produksi ke-100 Teater Pagupon bersama dengan Payung Teduh dan Reda Gaudiamo. Sudah siapkah‚Ä¶;140;970151814225051000,00;2018-03-04 04:19:51+00:00;Twitter for Android;0;10
54;Al-Fatihah https://t.co/qNI11DT9an;34;960394807284658000,00;2018-02-05 06:08:59+00:00;Twitter for Android;16;12
55;Kami akan turut berkontribusi dalam produksi pementasan ke-100 Teater Pagupon yang akan digelar pada tanggal 8 dan‚Ä¶ https://t.co/ynAxD5SNk0;139;958594197157707000,00;2018-01-31 06:54:01+00:00;Twitter for Android;44;35
56;https://t.co/gS0c5BiuNB;23;956786937452376000,00;2018-01-26 07:12:36+00:00;Twitter for Android;59;26
57;Tahun ini akan banyak belajar menjelajahi hal - hal baru bersama @teaterpagupon , tunggu kabar selanjutnya ! üôã https://t.co/dZ8UDDaoSH;134;956376541004312000,00;2018-01-25 04:01:50+00:00;Twitter for Android;95;62
58;https://t.co/ua9ieJ6S5k;23;956053281855496000,00;2018-01-24 06:37:19+00:00;Twitter for Android;308;217
59;Terima kasih 2017, tahun yang baik. https://t.co/jUWq6ltdmR;59;947697583576588000,00;2018-01-01 05:14:45+00:00;Twitter for Android;701;712
60;Album ' Ruang Tunggu ' jg sudah tersedia di @AppleMusic üôã https://t.co/8RjOHynFLE;81;943691090070093000,00;2017-12-21 03:54:23+00:00;Twitter for Android;83;61
61;"RT @JOOX_ID: #RuangTunggu by @payungteduh is available now on JOOX! Cover album ""Ruang Tunggu"" adalah rangkuman cerita dari lagu-lagunya. P‚Ä¶";140;943448158427742000,00;2017-12-20 11:49:04+00:00;Twitter for Android;0;47
62;Payung Teduh take over playlist on @Spotify , tells us your opinions with hashtag #WaktunyaPayungTeduh‚Ä¶ https://t.co/R2ZiOlZDhG;127;943360723283038000,00;2017-12-20 06:01:37+00:00;Twitter for Android;41;36
63;"RT @Gilang_Mahesa: Pagi yang teduh hari ini,  ditemani album barunya @payungteduh , sungguh menjelma rindu melagu di #RuangTunggu 

Selamat‚Ä¶";140;943297052045320000,00;2017-12-20 01:48:37+00:00;Twitter for Android;0;11
64;Ruang Tunggu Album Release: https://t.co/73rW3vI3DN melalui @YouTube;68;943048428686323000,00;2017-12-19 09:20:41+00:00;Google;45;45
65;Hari ini album 'Ruang Tunggu' sudah resmi dirilis. Semoga berkenan üôã https://t.co/hkfQNbDEBR;92;943042925633531000,00;2017-12-19 08:58:49+00:00;Twitter for Android;247;424
66;"RT @tomhutomo13: Selamat untuk @payungteduh 
Penantian lama kita di ""Ruang Tunggu"" yang hampir membeku akhirnya tercairkan oleh karya yang‚Ä¶";139;943009702337585000,00;2017-12-19 06:46:47+00:00;Twitter for Android;0;21
67;RT @wennyagracia: Selamat @payungteduh atas album barunya! Saya sangat suka! üôå Terima Kasih atas karyanya! https://t.co/wInI6xny8n;130;942982406142750000,00;2017-12-19 04:58:20+00:00;Twitter for Android;0;17
68;"RT @revosatrio: Akhirnya Ruang Tunggu itu Rilis! 
#PayungTeduhRuangTunggu 
@payungteduh https://t.co/sPWnwz2idb";111;942942376024084000,00;2017-12-19 02:19:16+00:00;Twitter for Android;0;13
69;RT @AdibHidayat: Album ‚ÄòRuang Tunggu‚Äô @payungteduh sudah rilis. Apa lagu favorit kalian?;88;942942262085935000,00;2017-12-19 02:18:48+00:00;Twitter for Android;0;14
70;@MarcellSiahaan Terima kasih masku ! üôá;38;942941907763597000,00;2017-12-19 02:17:24+00:00;Twitter for Android;2;1
71;RT @MarcellSiahaan: Terima kasih Iis ‚ÄúPayung Teduh‚Äù dan @payungteduh atas kesempatannya! Selamat atas rilisnya album terbaru kalian, yang t‚Ä¶;140;942941788905422000,00;2017-12-19 02:16:56+00:00;Twitter for Android;0;10
72;Album 'Ruang Tunggu' sudah bisa dinikmati di @Spotify @SpotifyID https://t.co/PwhTpcV3N5 https://t.co/1rxRvTtqbD;112;942907041412034000,00;2017-12-18 23:58:51+00:00;Twitter for Android;168;293
73;' Di Atas Meja ' Official Lyric Video  https://t.co/r21A8unBlC;62;942756325070536000,00;2017-12-18 13:59:58+00:00;Twitter for Android;241;320
74;Guitar God, Jedi, sekaligus Maha Guru gitar @dewabudjana tentang track favorit di album #RuangTunggu , Namaste mas!‚Ä¶ https://t.co/3oGclJjsvH;140;942431495116877000,00;2017-12-17 16:29:12+00:00;Twitter for Android;46;21
75;Sabda guitar hero üé∏üé∏üé∏ kebanggan kami @igamassardi tentang album #RuangTunggu , Terima Kasih sudah meluangkan waktu üôè https://t.co/DLoclsoKbV;140;942268202268143000,00;2017-12-17 05:40:20+00:00;Twitter for Android;72;40
76;"Terima kasih bang @davidbayu sudah meluangkan waktu untuk menyimak &amp; memilih track favoritnya di album #RuangTunggu‚Ä¶ https://t.co/MSiqB1TKx0";144;942038153833078000,00;2017-12-16 14:26:12+00:00;Twitter for Android;62;43
77;"Si gesit nan lincah @geraldhiras mengenai track favorit di album #RuangTunggu ,  
*FYI : album beliau yg berjudul D‚Ä¶ https://t.co/i6kU7Dlaxp";140;941983229707304000,00;2017-12-16 10:47:57+00:00;Twitter for Android;61;46
78;Testimonial dari kawan2 @DMASIV untuk album #RuangTunggu Terima Kasih ! üôè https://t.co/Tl3d31NigJ;97;941918081168707000,00;2017-12-16 06:29:05+00:00;Twitter for Android;39;19
79;Thank you @Spotify @SpotifyID ! üôè https://t.co/eCD9SaRlWB;57;941547027594276000,00;2017-12-15 05:54:39+00:00;Twitter for Android;80;72
80;Selamat siang, penantian panjang sudah terjawab, album penuh kami yang ke-3 berjudul 'Ruang Tunggu' dipastikan rili‚Ä¶ https://t.co/4m4M9RQy8v;140;939029663413702000,00;2017-12-08 07:11:32+00:00;Twitter for Android;486;715
81;"Track 09.
#RuangTunggu https://t.co/YS4dWzqn6G";46;937544273335001000,00;2017-12-04 04:49:08+00:00;Twitter for Android;197;194
82;"Track 08.
#RuangTunggu https://t.co/wiqIG0WYnJ";46;937542354457600000,00;2017-12-04 04:41:30+00:00;Twitter for Android;127;130
83;"Track 7.
#RuangTunggu https://t.co/FUBPs0ncci";45;937538175068598000,00;2017-12-04 04:24:54+00:00;Twitter for Android;152;165
84;"Track 06.
#RuangTunggu https://t.co/j3WnrvnI5K";46;937172617890373000,00;2017-12-03 04:12:18+00:00;Twitter for Android;208;275
85;"Track 05.
#RuangTunggu https://t.co/VtGbW1x5FH";46;937167900925763000,00;2017-12-03 03:53:33+00:00;Twitter for Android;160;227
86;"Track 04.
#RuangTunggu https://t.co/IpbYaaBXma";46;937166075917099000,00;2017-12-03 03:46:18+00:00;Twitter for Android;303;369
87;"Track 03.
#RuangTunggu https://t.co/y12gi7oCd7";46;937101777911951000,00;2017-12-02 23:30:49+00:00;Twitter for Android;219;319
88;"Track 02. 
#RuangTunggu https://t.co/u1qJwhqItd";47;937101402026917000,00;2017-12-02 23:29:19+00:00;Twitter for Android;365;486
89;"Track 01. 
#RuangTunggu https://t.co/4Qi9wsoLnZ";47;937101180441837000,00;2017-12-02 23:28:26+00:00;Twitter for Android;146;191
90;Kulonprogo, Suroboyo, Probolinggo, Matur Suwun ! üôè https://t.co/ptYhyW3PGA;74;934969870059413000,00;2017-11-27 02:19:22+00:00;Twitter for Android;127;64
91;@pututprianggono Jam 20.00 üò∏;28;934316445386674000,00;2017-11-25 07:02:53+00:00;Twitter for Android;0;1
92;RT @payungteduh: https://t.co/BBP4N580Ec;40;932600761397080000,00;2017-11-20 13:25:23+00:00;Twitter for Android;0;216
93;RT @Saksakame: Mewakili @payungteduh, terimakasih atas segala bentuk dukungan dan apresiasi yang selama ini mengiringi perjuangan kami. #Am‚Ä¶;140;931776645815345000,00;2017-11-18 06:50:38+00:00;Twitter for Android;0;42
94;Terima kasih @AMIawards , sebuah pencapaian terbesar bagi kami üôèüôèüôè https://t.co/0DTAo2J0Ge;90;931300253550002000,00;2017-11-16 23:17:37+00:00;Twitter for Android;127;117
95;"Jadwal kickoff #payungteduh weekend ini :

17 Nov : Jakarta | 20:00
18 Nov : Yogjakarta | 21:00
19 Nov : Cikarang |‚Ä¶ https://t.co/jvHbVcoh5Q";140;931297077396516000,00;2017-11-16 23:05:00+00:00;Twitter for Android;82;75
96;"RT @vidiodotcom: ""Mungkinkah kita ada kesempatan ucapkaan...janji"" Ada yang tau judul lagu ini? @payungteduh @BBM @liztomania_id #MenujuAka‚Ä¶";140;930454235040301000,00;2017-11-14 15:15:51+00:00;Twitter for Android;0;12
97;"RT @liputan6dotcom: Tanahku yang kucintai....engkau kuhargai ""Tanah Airku"" dibawakan dengan syahdu oleh @payungteduh #menujuakad #liztomani‚Ä¶";140;930454219110326000,00;2017-11-14 15:15:47+00:00;Twitter for Android;0;8
98;"RT @liputan6dotcom: Lagu selanjutnya dari @payungteduh ""untuk perempuan yang sedang dalam pelukan"" #menujuakad  #liztomania  @BBM https://t‚Ä¶";140;930448468660776000,00;2017-11-14 14:52:56+00:00;Twitter for Android;0;11
99;RT @liputan6dotcom: Kolaborasi @payungteduh  bersama @MonitaTahalea  perpaduan yg sangat ciamik di konser #menujuakad persembahan @bbm #liz‚Ä¶;140;930445928665825000,00;2017-11-14 14:42:50+00:00;Twitter for Android;0;23
100;"RT @vidiodotcom: Suasana #MenujuAkad langsung romantis banget sangat @payungteduh membawakan lagu ""Rahasia"" @BBM @liztomania_id https://t.c‚Ä¶";140;930441418077646000,00;2017-11-14 14:24:55+00:00;Twitter for Android;0;10
101;"RT @liputan6dotcom: Lagu kedua ""Tidurlah"" dari @payungteduh di konser #menujuakad persembahan @BBM #musiktanahair #liztomania @liztomania_i‚Ä¶";140;930439882069000000,00;2017-11-14 14:18:49+00:00;Twitter for Android;0;9
102;RT @liputan6dotcom: Penampilan @payungteduh Di konser #menujuakad GKJ  persembahan @BBM ciamik! https://t.co/fDvWFyPpak;119;930436986728456000,00;2017-11-14 14:07:18+00:00;Twitter for Android;0;9
103;"RT @vidiodotcom: Lagu ""Kucari Kamu"" dari @payungteduh ini punya makna yang dalam banget loh! #MenujuAkad #Liztomania @BBM @liztomania_id ht‚Ä¶";140;930436563552444000,00;2017-11-14 14:05:38+00:00;Twitter for Android;0;14
104;RT @vidiodotcom: Menuju Senja menjadi lagu pertama yang dibawakan oleh @payungteduh di #MenujuAkad kali ini #Liztomania @BBM @liztomania_id‚Ä¶;140;930433111929774000,00;2017-11-14 13:51:55+00:00;Twitter for Android;0;5
105;RT @bintangcomID: Persiapan konser #menujuakad @payungteduh @liztomania_id https://t.co/J5ZWOOUw6L;98;930386464042491000,00;2017-11-14 10:46:33+00:00;Twitter for Android;0;23
106;"RT @liztomania_id: GR @payungteduh untuk Liztomania Vol.3

#liztomania
#liztomaniavol3
#liztomaniaxbbmxpayungteduh
#liztomaniaindonesia
#ko‚Ä¶";140;930346261525307000,00;2017-11-14 08:06:48+00:00;Twitter for Android;0;7
107;"RT @liztomania_id: Gedung Kesenian Jakarta

Tak lama lagi Liztomania akan kembali menulis sejarah di gedung yg merupakan salah satu cagar b‚Ä¶";140;930346215983669000,00;2017-11-14 08:06:37+00:00;Twitter for Android;0;7
108;RT @MusicLifeID: Malam ini @payungteduh akan tampil di seri ke-3 @liztomania_id di @GedungKesenian. ‚ÄúTiket sold out!‚Äù Kata @ridhohafiedz te‚Ä¶;140;930257273460363000,00;2017-11-14 02:13:11+00:00;Twitter for Android;0;10
109;"RT @liztomania_id: Kami ada untuk semua

Tak sabar!! https://t.co/VTPXgiP84v";76;930059334356148000,00;2017-11-13 13:06:39+00:00;Twitter for Android;0;24
110;"RT @ProvokeMagazine: BBM present: Liztomania vol. 3 Payung Teduh (@payungteduh) ""Catra Edhum""
Gedung Kesenian Jakarta, 14 November 2017
Puk‚Ä¶";140;929988068425187000,00;2017-11-13 08:23:28+00:00;Twitter for Android;0;8
111;"Schedule #payungteduh weekend ini : 

10 Nov : Jatinangor
11 Nov : Semarang 
12 Nov : Solo 

Cek poster untuk detai‚Ä¶ https://t.co/Ab3xGMX7CO";140;928828239212027000,00;2017-11-10 03:34:43+00:00;Twitter for Android;56;57
112;RT @liztomania_id: Melestarikan salah satu cagar budaya lewat pertunjukan yg berkelas, wah kapan lagi kamu dpt kesempatan selain di Liztoma‚Ä¶;140;927342372362403000,00;2017-11-06 01:10:25+00:00;Twitter for Android;0;11
113;RT @liztomania_id: Keistimewaan lainnya yaitu Gedung Kesenian Jakarta, tmpt kami menggelar Liztomania. Gedung bersejarah itu dipilih u/ men‚Ä¶;140;927342372349865000,00;2017-11-06 01:10:25+00:00;Twitter for Android;0;7
114;"RT @liztomania_id: Belum kebagian tiket Liztomania Vol.3? Ini dia stok tiket yg saat ini semakin menipis üé´üé´

Karena Liztomania bukan sekada‚Ä¶";140;927342199079034000,00;2017-11-06 01:09:44+00:00;Twitter for Android;0;2
115;"RT @liztomania_id: Semua musisi Liztomania terkurasi #Liztomania memiliki karakter tersendiri.

Konsernya pun tak sekadar digelontorkan. Ko‚Ä¶";140;927342199078920000,00;2017-11-06 01:09:44+00:00;Twitter for Android;0;9
116;"Terima kasih @PekanRayaID  Tangerang dan @JakCloth Banjarbaru - Banjarmasin ! üî•üî•üî•üî•üôè

Palembang malam ini ! üò∏ https://t.co/IsqDZyxQo6";132;926987794181787000,00;2017-11-05 01:41:27+00:00;Twitter for Android;56;16
117;"Legenda hidup musisi Yockie Suryo Prayogo sedang berjuang melawan sakit, yuk mari kita bantu, &amp; kirim doa kpd belia‚Ä¶ https://t.co/oPHNITh7Tl";144;926295641105473000,00;2017-11-03 03:51:05+00:00;Twitter for Android;66;41
118;"Jadwal Kick Off awal November :

3 November : ICE BSD Tangerang 20:30
4 November : Banjarmasin 
5 November : Palemb‚Ä¶ https://t.co/wZOylxjrWh";140;926121064064729000,00;2017-11-02 16:17:22+00:00;Twitter for Android;39;34
119;@fatmafdw Jam 20.30 üò∏;21;926117522180489000,00;2017-11-02 16:03:18+00:00;Twitter for Android;0;0
120;"#liztomaniavol3
Pastikan kamu tidak kehabisan tiketnya. Dapatkan via email, WA &amp; coffite.

‚Ä¢‚Ä¶ https://t.co/YCgpk1FEsQ";121;924960492606537000,00;2017-10-30 11:25:41+00:00;Instagram;17;3
121;"Selamat siang dari Bandara Domine Edward Osok, Sorong, Papua. üëçüò∏ 

Jumpa besok malam di Rumah Kopi ! https://t.co/h7LI5y4VtY";124;924866966849953000,00;2017-10-30 05:14:02+00:00;Twitter for Android;42;22
122;"Kediri full house! Matur suwun üôè 
.
.
Pagi ini kami akan melanjutkan perjalanan ke kota Sorong. 

Papua kami datang‚Ä¶ https://t.co/AFlOecrtgs";140;924666640637165000,00;2017-10-29 15:58:01+00:00;Twitter for Android;108;51
123;"Antusiasme di Malang selalu terbaik, Nuwus lop jess! üò∏ üôè  #PassionForNation #PassionVille2017

Berlanjut Kediri mal‚Ä¶ https://t.co/VqUuuWOFCD";140;924446361046499000,00;2017-10-29 01:22:42+00:00;Twitter for Android;72;54
124;@miratri4396 22:00 üëç;20;924246002072133000,00;2017-10-28 12:06:33+00:00;Twitter for Android;1;1
125;Kuliner di Malang tak pernah salah,  Sampai jumpa nanti malam di UMM Dome üôè #PassionVille #ProjectPassion https://t.co/1VBjSDqvuh;129;924114369826271000,00;2017-10-28 03:23:29+00:00;Twitter for Android;53;36
126;Purwokerto done! Terima kasih sudah berbagi energi! üôè Sekarang kami bertolak ke Malang üöÖ , sampai jumpa besok malam‚Ä¶ https://t.co/h9676PpkMb;140;923928978640867000,00;2017-10-27 15:06:48+00:00;Twitter for Android;121;63
127;"Jadwal akhir bulan Oktober :

27 Okt : Purwokerto
28 Okt : Malang
29 Okt : Kediri 
31 Okt : Sorong, Papua !

Cek po‚Ä¶ https://t.co/UOhYxS0vSU";140;922426867277119000,00;2017-10-23 11:37:57+00:00;Twitter for Android;106;115
128;"Semalem seru! Terima kasih @schematics_its 2017 Suroboyo ! üôè

üì∑ : @Luwicaksono https://t.co/eBVxOcirup";102;921568763543044000,00;2017-10-21 02:48:09+00:00;Twitter for Android;48;29
129;https://t.co/4adH18Z07g;23;921044031521431000,00;2017-10-19 16:03:03+00:00;Twitter for Android;183;152
130;"@mahathirrr &gt;&gt; @schematics_its üò∏";38;921038106832248000,00;2017-10-19 15:39:31+00:00;Twitter for Android;1;0
131;"Suroboyo ! Sampai jumpa besok malam üò∏

Info silahkan cek poster üëç &gt;&gt; https://t.co/SDRITWxT73";98;921020147589976000,00;2017-10-19 14:28:09+00:00;Twitter for Android;33;12
132;"#JOOX
Single Akad sekarang sudah bisa kalian dengarkan melalui Joox üéµüé∂ https://t.co/COHhPWvw8c";94;920612550177447000,00;2017-10-18 11:28:30+00:00;Instagram;54;50
133;https://t.co/BBP4N580Ec;23;920291543994458000,00;2017-10-17 14:12:56+00:00;Twitter for Android;244;216
134;"Awesomenessss SMAN 99 JAKARTA, Terima kasih banyak ! üôè 

Berlanjut besok malam di Sumareccon Mall, Bekasi ! On stag‚Ä¶ https://t.co/Y8Mn1sswEb";140;919123400164962000,00;2017-10-14 08:51:09+00:00;Twitter for Android;80;29
135;Manggung 3 kali dalam sebulan, dan  apresiasinya tak berkurang sedikitpun, Terima kasih Semarang ! Tunggu album bar‚Ä¶ https://t.co/vX5zp0BSfa;140;918874382348333000,00;2017-10-13 16:21:39+00:00;Twitter for Android;155;99
136;https://t.co/IWpqh0LyBe;23;918319303501291000,00;2017-10-12 03:35:58+00:00;Twitter for Android;64;59
137;"Jadwal kickoff akhir pekan ini : 

13 Oktober : Semarang
14 Oktober : SMAN 99 Jakarta
15 Oktober : Bekasi

Cek post‚Ä¶ https://t.co/ruQeaoRes4";140;918155206029803000,00;2017-10-11 16:43:54+00:00;Twitter for Android;52;52
138;"RT @ShowcaseEvent: H-3 ‚û° 13-15 Okt 2017 ICC #Semarang
@ UTC Convention Hotel w/ @payungteduh @BARASUARA @SCALLER_ID @BESIDEofficial *etc ht‚Ä¶";140;917771006667665000,00;2017-10-10 15:17:14+00:00;Twitter for Android;0;9
139;khusus pengguna XL, dan yg pada masih suka main RBT, kesempatan mendapat berbagai hadiah dengan mengaktifkan RBT 'A‚Ä¶ https://t.co/uHVjsgN32W;140;917741332050755000,00;2017-10-10 13:19:19+00:00;Twitter for iPhone;24;10
140;üò©üò© https://t.co/VGPL56pTVG;26;917383472410324000,00;2017-10-09 13:37:18+00:00;Twitter for iPhone;521;1017
141;Terima kasih @SynchronizeFest  #synchronizefest17 üôáüèª Salah satu festival musik terbaik tanah air,semoga ada terus d‚Ä¶ https://t.co/zFvPNg2xuo;140;917220846430691000,00;2017-10-09 02:51:05+00:00;Twitter for iPhone;77;46
142;Malam ini @SynchronizeFest ! Mari merayakan festival keberagaman musik Indonesia, üá≤üá®üá≤üá®üá≤üá® | Dynamic Stage | 19:00‚Ä¶ https://t.co/cOFRhBhzFF;137;916920387975258000,00;2017-10-08 06:57:10+00:00;Twitter for iPhone;44;21
143;Lampung ! Terima kasih atas antusiasme dan apresiasi-nya semalam ! üôáüèª#MoccaxPayungTeduh #UrbanGigs‚Ä¶ https://t.co/24czRzh4FJ;123;916808970160939000,00;2017-10-07 23:34:26+00:00;Twitter for iPhone;77;36
144;https://t.co/R42JVjmODo;23;916345152502771000,00;2017-10-06 16:51:23+00:00;Twitter for Android;229;166
145;"*Update kickoff akhir pekan ini : 

06 Oktober : CANCELED

07 Oktober : Lampung | 20:00

08 Oktober : Synchronize F‚Ä¶ https://t.co/pRcu6egBK2";140;916118960931663000,00;2017-10-06 01:52:35+00:00;Twitter for Android;13;11
146;Single ke-2 akan meluncur dlm waktu dekat, sila follow akun Payung Teduh di @spotifyID utk update lagu2 terbaru dar‚Ä¶ https://t.co/WjWIP5EKqA;140;915908273886265000,00;2017-10-05 11:55:23+00:00;Twitter for iPhone;94;87
147;"Jadwal kickoff akhir pekan ini : 

06 Oktober : Jakarta Timur
07 Oktober : Lampung
08 Oktober : Synchronized Fest,‚Ä¶ https://t.co/1w8g3AbUPk";139;915842594822696000,00;2017-10-05 07:34:24+00:00;Twitter for Android;44;41
148;"Lampung full house! Terima kasih sudah rela berdesakan &amp;  terus bernyanyi bersama!Semalam yg belum bisa nonton, min‚Ä¶ https://t.co/nr4kWPsPUt";144;914662099036520000,00;2017-10-02 01:23:32+00:00;Twitter for iPhone;75;48
149;"Kemarin sore di SMA 3 Semarang menyenangkan! Terima kasih ! 

Jumpa petang nanti di GOR Saburai, Lampung, on stage‚Ä¶ https://t.co/gdQLIN6oKj";139;914289496006443000,00;2017-10-01 00:42:57+00:00;Twitter for iPhone;134;63
150;Terima kasih sudah rela menunggu dalam deras dan turut terus bernyanyi dalam guyuran hujan, Terima kasih Solo ! üôáüèª https://t.co/roTnM43heh;138;913797240904343000,00;2017-09-29 16:06:54+00:00;Twitter for iPhone;227;168
151;"Sampai jumpa akhir pekan ini :

29 September : Stadion Manahan, Solo 

30 September : SMAN 3, Semarang

01 Oktober‚Ä¶ https://t.co/OD1JEJsOlw";139;913334411591950000,00;2017-09-28 09:27:47+00:00;Twitter for Android;83;76
152;Pagi Jakarta, Hujan, dan 'Kita Adalah Sisa-sisa Keikhlasan yang Tak Diikhlaskan' ( Live and Loud Session ) https://t.co/emedzJeZPB;130;912839806433976000,00;2017-09-27 00:42:24+00:00;Twitter for iPhone;103;133
153;Terima kasih Balikpapan ! Sangat berkesan, semoga bisa bersua kembali ‚úåüèºÔ∏èüåûüèñüåä https://t.co/mlouw0yR5T;100;911899684083347000,00;2017-09-24 10:26:41+00:00;Twitter for iPhone;99;49
154;RT @Nisamjd_: Terima kasih untuk sore ini. Selalu menyenangkan,selalu dirindukan üíôüíôüíô https://t.co/H9F5fTa4ay;108;911894701258588000,00;2017-09-24 10:06:53+00:00;Twitter for iPhone;0;6
155;"Menunggu senja di Balikpapan, mari bernyanyi bersama sore ini 

üìç Pantai Kilang Mandiri üèñüåûüåä https://t.co/DKzS0hco3v";115;911838242395250000,00;2017-09-24 06:22:32+00:00;Twitter for iPhone;127;63
156;"Semalam Suroboyo pol-pol-an! Suwun, cuk ! #Passionville 
Sekarang kita bertolak ke Balikpapan, jumpa sore nanti di‚Ä¶ https://t.co/BPGU5V82Sm";139;911713695251685000,00;2017-09-23 22:07:38+00:00;Twitter for iPhone;102;52
157;Surabaya malam ini ! On stage 21.00 | Free | 18+ | #Passionville https://t.co/YANdWQSQJv;88;911432117388636000,00;2017-09-23 03:28:45+00:00;Twitter for iPhone;61;47
158;@fadjroeL Maturnuwun bang Fadjroel üôèüèª;37;911391889915383000,00;2017-09-23 00:48:54+00:00;Twitter for iPhone;3;0
159;"Terima kasih atas energinya Subang ! üëèüèª

Berlanjut nanti malam di Surabaya Town Square ‚úåüèºÔ∏è https://t.co/Wh0UzkqzcI";114;911386734289551000,00;2017-09-23 00:28:24+00:00;Twitter for iPhone;106;48
160;Sukses untuk tur kawan2 @moccaofficial yang dimulai hari ini di Seoul, Busan, dan berlanjut nanti ke Adelaide ! üá≤üá®üá≤üá®üá≤üá®;118;910733977387909000,00;2017-09-21 05:14:35+00:00;Twitter for iPhone;62;80
161;"Jadwal #payungteduh akhir pekan ini : 

22 September : Subang
23 September : Surabaya
24 September : Balikpapan 

c‚Ä¶ https://t.co/B5M8Rll90P";140;910508320078753000,00;2017-09-20 14:17:54+00:00;Twitter for iPhone;78;75
162;Terima kasih Uda dan Uni #Generation_G Padang ! Jumpa lagi segera ! #UrbanGigs #UnreleasedProject #MOCCAxPAYUNGTEDUH https://t.co/b2faTRxx2M;140;909606734079000000,00;2017-09-18 02:35:19+00:00;Twitter for iPhone;50;20
163;Padang ! Malam ini di Lap. (RTH) Imam Bonjol, on stage jam 20.30 | Free | 18+ | #unreleasedproject #urbangigs‚Ä¶ https://t.co/zOxcUyZnzr;134;909382105410428000,00;2017-09-17 11:42:44+00:00;Twitter for iPhone;42;20
164;"Terima kasih atas energinya SMAN 34 Jakarta! 
Jumpa esok di kota Padang #MoccaxPayungTeduh ! https://t.co/BMn24lelcU";116;909057003569299000,00;2017-09-16 14:10:53+00:00;Twitter for iPhone;87;40
165;https://t.co/W28iOeOw9u;23;908381808881942000,00;2017-09-14 17:27:54+00:00;Twitter for iPhone;197;188
166;#throwback Official Behind the Scene, 'Angin Pujaan Hujan' Yamaha Live and Loud Session.   https://t.co/8DKWrUsKwM;114;908203996078268000,00;2017-09-14 05:41:20+00:00;Twitter for iPhone;30;21
167;"Jadwal manggung pekan ini : 

16 September : SMAN 34, Jakarta 

17 September : UrbanGigs x Unreleased Project, Pada‚Ä¶ https://t.co/OUExjv0nJA";140;907898638197596000,00;2017-09-13 09:27:57+00:00;Twitter for iPhone;36;29
168;RT @AdibHidayat: Untuk yang menunggu album baru @payungteduh. Ada sentuhan @Sillywhite juga rupanya. https://t.co/X9B2XM70Tl;124;907580131929055000,00;2017-09-12 12:22:20+00:00;Twitter for iPhone;0;9
169;RT @RollingStoneINA: Album Baru Payung Teduh Direncanakan Rilis November https://t.co/JScPucNdr4 https://t.co/6PqWN0J7Tv;120;907574168937406000,00;2017-09-12 11:58:38+00:00;Twitter for iPhone;0;145
170;"#Unrealeasedproject
Kemeriahan Selasa lalu (05/09) di Acara launching Urban Gigs Unrealeased‚Ä¶ https://t.co/lNCOcb6yWV";117;907556526281424000,00;2017-09-12 10:48:32+00:00;Instagram;27;5
171;senang sekali bisa manggung di salah satu festival musik paling konsisten dan venue yang indah, Matur suksma‚Ä¶ https://t.co/SOoZk5r6Hn;133;906914359376363000,00;2017-09-10 16:16:47+00:00;Twitter for iPhone;130;73
172;Suwun atas artikelnya mas @nuranwibisono @tirtoID sangat menyentil, sentimentil, dan menggugah üôáüèª https://t.co/wR86BpmCI1;121;906837721976422000,00;2017-09-10 11:12:15+00:00;Twitter for iPhone;71;65
173;"Terima kasih #BynamicFest Binus School, seru ! 
Lanjut sore ini di Burst Stage, Soundrenaline Bali, on stage jam 17‚Ä¶ https://t.co/9OL1oA1JFr";140;906680539507068000,00;2017-09-10 00:47:40+00:00;Twitter for iPhone;35;25
174;"Terima kasih Medan sudah bernyanyi bersama semalam ! 
 Jumpa nanti di Bynamic Fest Binus School Serpong, on stage j‚Ä¶ https://t.co/fLrFLK1hHy";140;906426595463667000,00;2017-09-09 07:58:35+00:00;Twitter for iPhone;53;32
175;RT @moccaofficial: Mocca X Payung Teduh: Menunggu Untuk Bertemu (Live) - https://t.co/xGULOJ2fZ0;96;906029893573500000,00;2017-09-08 05:42:14+00:00;Twitter for iPhone;0;147
176;Terima kasih @SpotifyID ! üôåüèΩ https://t.co/nBrjn7vfs6;52;905763970077794000,00;2017-09-07 12:05:33+00:00;Twitter for iPhone;32;17
177;"#BekasiClothing2017
Bekasi dibanjiri penonton malam itu (03/09), terima kasih atas animo dan‚Ä¶ https://t.co/mMw54P9Hg1";117;905754155704352000,00;2017-09-07 11:26:33+00:00;Instagram;10;4
178;"Gigs #payungteduh pekan ini : 

8 September : Jakcloth Medan

9 September : Binus School, Serpong

10 September : S‚Ä¶ https://t.co/M9i4WScpeW";140;905383893628366000,00;2017-09-06 10:55:16+00:00;Twitter for iPhone;47;33
179;RT @kumparan: Album kolaborasi @moccaofficial x @payungteduh hingga @BARASUARA x @SCALLER_ID! Penasaran? üôå https://t.co/UpT2kVcYmX https://‚Ä¶;140;905046152986279000,00;2017-09-05 12:33:12+00:00;Twitter for iPhone;0;61
180;"Official Music Video ""Akad"" sudah dapat disaksikan kembali di channel Youtube Payung Teduh‚Ä¶ https://t.co/6h2MvB9t0V";115;904975432759427000,00;2017-09-05 07:52:11+00:00;Instagram;59;49
181;siaappp https://t.co/bxd1CcIY5e;31;904737330916818000,00;2017-09-04 16:06:03+00:00;Twitter for iPhone;16;10
182;"Tomorrow !
#UrbanGiGsXUnreleasedProject
#UnreleasedProject

Head to: https://t.co/zNOVcK4k3G to get the tickets and‚Ä¶ https://t.co/bqthzt4FhX";140;904693195845419000,00;2017-09-04 13:10:40+00:00;Twitter for iPhone;16;15
183;Semalam di #Cravier2017 Riuh ! Sampai jumpa nanti malam di Summarecon Mal Bekasi #BekasiCloth , kita on stage jam 2‚Ä¶ https://t.co/RmJ2FjD2dc;140;904151155462160000,00;2017-09-03 01:16:48+00:00;Twitter for iPhone;57;43
184;"#Semarang
Hujan deras tidak mengurangi apresiasi teman-teman di Semarang untuk menyaksikan kami‚Ä¶ https://t.co/ZElT4wpRva";120;903915266400124000,00;2017-09-02 09:39:28+00:00;Instagram;29;22
185;@Caesar_Sesar1 Solo 29 September;32;903812745233014000,00;2017-09-02 02:52:05+00:00;Twitter for iPhone;10;8
186;Malam ini ! Jakarta #Cravier2017 Britama Arena Kelapa Gading, #payungteduh on stage jam 20.30 wib. https://t.co/YHtIQPwLoZ;122;903808825043542000,00;2017-09-02 02:36:30+00:00;Twitter for iPhone;28;31
187;"#Bandung
Keseruan kami minggu lalu berakhir di Cihampelas Walk Bandung (27/08), walau tampil‚Ä¶ https://t.co/hIU3ys8DAA";117;903184532869931000,00;2017-08-31 09:15:47+00:00;Instagram;19;5
188;"#Yogyakarta 
Dari Cirebon kami bertolak menuju JOGJA dengan menggunakan Kereta Api. Tampil di‚Ä¶ https://t.co/pK2WHKZaIA";118;903130679306723000,00;2017-08-31 05:41:47+00:00;Instagram;11;6
189;"#Yogyakarta
Usai dari Cirebon, dengan menggunakan kereta api kami bertolak menuju JOGJA, tampil‚Ä¶ https://t.co/ny0Jc2YzQE";120;903123653084057000,00;2017-08-31 05:13:52+00:00;Instagram;24;10
190;"#Cirebon
Jumat lalu, melalui 4 jam perjalanan darat kami tiba di Cirebon untuk menghibur di‚Ä¶ https://t.co/d5Iafy96Mq";116;903106201990434000,00;2017-08-31 04:04:32+00:00;Instagram;9;5
191;Semalam Semarang full house ! Matur suwun #JatengFair2017 dan teman2 semua yg hadir dan terus bernyanyi dalam hujan‚Ä¶ https://t.co/t1sNfcN4Wz;140;903067180211642000,00;2017-08-31 01:29:28+00:00;Twitter for iPhone;45;48
192;@birumerahteam HTM PRPP Rp 15.000,-;35;902806694618570000,00;2017-08-30 08:14:23+00:00;Twitter for iPhone;0;0
193;Selesai cek tata suara di #JatengFair2017 sampai jumpa nanti malam di PRPP Semarang, on stage jam 21.30 wib https://t.co/qe7EH4ftPv;131;902805715525427000,00;2017-08-30 08:10:30+00:00;Twitter for iPhone;54;47
194;"Jadwal manggung #payungteduh pekan ini : 

30 Agustus : Jateng Fair, Semarang

2 September : Cravier 2017, Jakarta‚Ä¶ https://t.co/74Asxn5ll5";139;902578202685485000,00;2017-08-29 17:06:27+00:00;Twitter for iPhone;58;70
195;Semarang ! Besok, 30 Agustus di PRPP Jateng Fair 2017, kita akan perform jam 21.30 , sampai jumpa ! #JatengFair2017 #payungteduh;128;902547794560409000,00;2017-08-29 15:05:37+00:00;Twitter for iPhone;36;63
196;"Hatur Nuhun Bandung ! üôáüèª MLDSPOT
#StageBusJazzTour https://t.co/NUcXBbyuGv";74;901845688845078000,00;2017-08-27 16:35:42+00:00;Twitter for iPhone;75;49
